name,smiles,group,natoms,nheavy,nao,E,e_xtb,xtb_converged,planarity_heavy,planarity_all,max_out_of_plane,snapped,t_scf,basis,xc,h,pad,Nelec,n_core_mo,Nelec_valence,partition,Npi_sym,sigma_pi_leakage,n_pi_ao,Npi_poav,poav_dm_reldiff,ngrid,Npi_grid,Api_integral,occlusion_ratio,rho_pi_max,A_pi_max,n_pi_atoms,piIDT0_n,piIDT0_totpers,piIDT0_maxpers,piIDT0_meanpers,piIDT0_entropy,piIDT0_normentropy,piIDT0_L1,piIDT0_L2,piIDT0_L3,piIDT0_maxbirth,piIDT1_n,piIDT1_totpers,piIDT1_maxpers,piIDT1_meanpers,piIDT1_entropy,piIDT1_normentropy,piIDT1_L1,piIDT1_L2,piIDT1_L3,piIDT2_n,piIDT2_totpers,piIDT2_maxpers,piIDT2_meanpers,piIDT2_entropy,piIDT2_normentropy,piIDT2_L1,piIDT2_L2,piIDT2_L3,rawpi0_n,rawpi0_totpers,rawpi0_maxpers,rawpi0_meanpers,rawpi0_entropy,rawpi0_normentropy,rawpi0_L1,rawpi0_L2,rawpi0_L3,rawpi0_maxbirth,rawpi1_n,rawpi1_totpers,rawpi1_maxpers,rawpi1_meanpers,rawpi1_entropy,rawpi1_normentropy,rawpi1_L1,rawpi1_L2,rawpi1_L3,rawpi2_n,rawpi2_totpers,rawpi2_maxpers,rawpi2_meanpers,rawpi2_entropy,rawpi2_normentropy,rawpi2_L1,rawpi2_L2,rawpi2_L3,th0020_n,th0021_n,th0022_n,th0050_n,th0051_n,th0052_n,th0100_n,th0101_n,th0102_n,t_grid,esp_min,esp_max,esp_mean,esp_var,esp_npts,vdw_area,n_aromatic_rings,n_rings,tpsa,mw,logp,t_baseline,t_total,rawpi1_maxbirth,piIDT1_maxbirth,piIDT2_maxbirth,rawpi2_maxbirth,n_pi_rings
ethene,C=C,reference,6,2,36,-78.62345028872859,-170.64969441314932,True,1.0296792431551882e-09,1.0296792112038742e-09,0.0,True,1.7452168464660645,6-31G*,wb97x-d3bj,0.15,3.5,16.0,2,12.00000000000001,symmetry,1.9999999999999987,7.807994096226773e-15,8.0,1.998161274573311,0.05553228229228744,213395,1.9999616954333723,0.1375030806435489,0.9312471429040278,0.15058147923466098,0.007838148169293605,2,2,0.01567629633858721,0.007838148169293605,0.007838148169293605,0.6931471805599453,1.0,0.007838148169293605,0.007838148169293605,0.0,0.007838148169293605,0,0.0,0.0,0.0,0.0,0.0,0.0,0.0,0.0,0,0.0,0.0,0.0,0.0,0.0,0.0,0.0,0.0,4,0.48303207136721105,0.15058147923466098,0.12075801784180276,1.355479731153013,0.9777719430799786,0.15058147923466098,0.15058147923466098,0.09093455644894456,0.15058147923466098,0,0.0,0.0,0.0,0.0,0.0,0.0,0.0,0.0,0,0.0,0.0,0.0,0.0,0.0,0.0,0.0,0.0,2,0,0,2,0,0,0,0,0,1.9402430057525635,-0.0261754313038694,0.019912196958078665,0.0008949791300388035,0.00013544428525330543,2162,61.79035227527777,0,0,0.0,28.053999999999995,0.8022,0.280193567276001,3.984055280685425,,,,,0
butadiene,C=CC=C,reference,10,4,68,-156.06294948883962,-314.3650408449105,True,9.365564392098634e-08,1.982223539809143e-07,0.0,True,5.945533037185669,6-31G*,wb97x-d3bj,0.15,3.5,30.00000000000003,4,21.999999999999936,symmetry,4.0000000000000036,1.679191206743714e-14,16.0,3.9957074073391627,0.06797115850644542,267099,3.9999170494037948,0.45341958299898366,0.8866427534874585,0.1477746815325593,0.013691233679952867,4,4,0.04083084115730997,0.013691233679952867,0.010207710289327493,1.3268773625194465,0.9571396953873165,0.013691233679952867,0.013691233679952867,0.006724186898702118,0.013691233679952867,0,0.0,0.0,0.0,0.0,0.0,0.0,0.0,0.0,0,0.0,0.0,0.0,0.0,0.0,0.0,0.0,0.0,8,0.8977143346176015,0.1477746815325593,0.11221429182720019,2.056498559585762,0.9889667578365585,0.1477746815325593,0.1477746815325593,0.12147446232111218,0.1477746815325593,0,0.0,0.0,0.0,0.0,0.0,0.0,0.0,0.0,0,0.0,0.0,0.0,0.0,0.0,0.0,0.0,0.0,4,0,0,4,0,0,2,0,0,2.7031314373016357,-0.025251976887301325,0.02169972023416869,0.0010461455357325146,0.00016691011545661675,3196,96.72586789284543,0,0,0.0,54.09200000000001,1.3584,0.8239731788635254,9.497485637664795,0.026298105826481545,,,,0
hexatriene,C=CC=CC=C,reference,14,6,100,-233.50106782530756,-458.0669625157151,True,4.2307792773229995e-07,7.725211969422971e-07,0.0,True,12.123512029647827,6-31G*,wb97x-d3bj,0.15,3.5,43.99999999999999,6,32.00000000000002,symmetry,6.0000000000000036,7.744398580036623e-14,24.0,5.9933868068134935,0.07105533392056798,337463,5.999882445773552,0.824381080764769,0.8626004612231226,0.15308423072199054,0.02021248259499434,6,6,0.06558943727377806,0.02021248259499434,0.010931572878963009,1.6249003222326919,0.9068741369246113,0.02021248259499434,0.02021248259499434,0.006346397584814497,0.02021248259499434,0,0.0,0.0,0.0,0.0,0.0,0.0,0.0,0.0,0,0.0,0.0,0.0,0.0,0.0,0.0,0.0,0.0,12,1.322499400550899,0.15308423072199054,0.11020828337924159,2.4606178463292445,0.9902254664331845,0.15308423072199054,0.15308423072199054,0.12486493145693334,0.15308423072199054,0,0.0,0.0,0.0,0.0,0.0,0.0,0.0,0.0,0,0.0,0.0,0.0,0.0,0.0,0.0,0.0,0.0,6,0,0,6,0,0,2,0,0,3.8486006259918213,-0.024793713321608873,0.028765428587785802,0.0006600200830184777,0.00018217860382956053,4000,129.88726330707783,0,0,0.0,80.12999999999995,1.9145999999999999,1.738049030303955,17.73767852783203,,,,,0
benzene,c1ccccc1,acene,12,6,96,-232.35748252804188,-432.10703560445666,True,2.9226732738388094e-07,2.4191535115221015e-06,0.0,True,6.377899169921875,6-31G*,wb97x-d3bj,0.15,3.5,42.00000000000002,6,30.000000000000043,symmetry,6.000000000000004,1.5343865534083756e-13,24.0,5.993956743277849,0.0714241722693747,321489,5.999887964926444,1.2982653429663238,0.7836184024509131,0.15378692481644587,0.019566390234315025,6,2,0.03913278046863005,0.019566390234315025,0.019566390234315025,0.6931471805599453,1.0,0.019566390234315025,0.019566390234315025,0.0,0.019566390234315025,2,0.027064157064018265,0.013532078532009132,0.013532078532009132,0.6931471805599453,1.0,0.013532078532009132,0.013532078532009132,0.0,0,0.0,0.0,0.0,0.0,0.0,0.0,0.0,0.0,12,1.387502830667959,0.15378692481644587,0.11562523588899659,2.474673707452777,0.9958819610643738,0.15378692481644587,0.15378692481644587,0.11224005686746094,0.15378692481644587,2,0.07475073514636603,0.037375367573183015,0.037375367573183015,0.6931471805599453,1.0,0.037375367573183015,0.037375367573183015,0.0,0,0.0,0.0,0.0,0.0,0.0,0.0,0.0,0.0,2,2,0,2,2,0,2,2,0,3.1455466747283936,-0.029538013882630526,0.021728618275085862,-0.0016374342944902632,0.00024183151868486505,3864,109.03701552002696,1,1,0.0,78.11399999999996,1.6866,1.7689063549041748,11.313543319702148,0.041546860309925146,0.017703571268751266,,,1
naphthalene,c1ccc2ccccc2c1,acene,18,10,156,-386.07374803682563,-693.193325091205,True,6.12273112089503e-07,1.7615427700870207e-06,0.0,True,21.537497997283936,6-31G*,wb97x-d3bj,0.15,3.5,68.00000000000003,10,47.99999999999995,symmetry,9.999999999999996,1.7131264248388526e-13,40.0,9.989327418768806,0.07702144725559254,369117,9.9998038953702,3.473843141974082,0.6526088733017621,0.15127728487003952,0.14807094367684845,10,4,0.5218950405101139,0.14807094367684845,0.13047376012752848,1.377171432288991,0.9934191979086391,0.14807094367684845,0.14807094367684845,0.11287657657820849,0.14807094367684845,4,0.04949595002162632,0.01237398793624451,0.01237398750540658,1.38629436111989,0.9999999999999996,0.01237398793624451,0.01237398793624451,0.012373987074568651,0,0.0,0.0,0.0,0.0,0.0,0.0,0.0,0.0,20,2.2736092741409197,0.15127728487003952,0.11368046370704599,2.988818528336359,0.9976921351488363,0.15127728487003952,0.15127728487003952,0.11596403920966208,0.15127728487003952,4,0.12553226738756068,0.03144252874510643,0.03138306684689017,1.3862925661505339,0.9999987052033052,0.03144252874510643,0.03144252874510643,0.03132360494867391,0,0.0,0.0,0.0,0.0,0.0,0.0,0.0,0.0,12,4,0,4,4,0,4,4,0,4.486684799194336,-0.026581147229633367,0.024005676892586314,-0.002192512795544097,0.00025657212480722743,4000,155.43042220006117,2,2,0.0,128.17399999999995,2.839800000000001,3.356949806213379,29.433199405670166,0.03531316475039326,0.016244623941531342,,,2
anthracene,c1ccc2cc3ccccc3cc2c1,acene,24,14,216,-539.7825353857992,-954.1552046743373,True,4.121193548084181e-07,6.374863719209207e-07,0.0,True,55.10495376586914,6-31G*,wb97x-d3bj,0.15,3.5,94.00000000000006,14,66.00000000000001,symmetry,14.000000000000005,3.515325279526083e-13,56.0,13.984612494048822,0.08067180798809465,462315,13.99971233596572,5.6325095778785315,0.5976696204386693,0.15370152824476685,0.14327595838016854,14,8,0.9596709680623579,0.14327595838016854,0.11995887100779473,2.0714137973912665,0.9961394710417855,0.14327595838016854,0.14327595838016854,0.12419173868393488,0.14327595838016854,6,0.07823572110055371,0.015425975358655536,0.013039286850092285,1.7836069808262094,0.9954500095900942,0.015425975358655536,0.015425975358655536,0.011845945191504264,0,0.0,0.0,0.0,0.0,0.0,0.0,0.0,0.0,28,3.080891741406942,0.15370152824476685,0.11003184790739078,3.3236835076457822,0.9974428332644645,0.15370152824476685,0.15370152824476685,0.12047280505681268,0.15370152824476685,6,0.1752724180834804,0.029570893053334296,0.029212069680580068,1.7917218252990175,0.9999789905231791,0.029570893053334296,0.029570893053334296,0.029032669223289995,0,0.0,0.0,0.0,0.0,0.0,0.0,0.0,0.0,16,6,0,8,6,0,8,6,0,9.035498857498169,-0.025741774723802235,0.025782964913632314,-0.0018303059191417312,0.00026127822124175597,4000,202.93042347639584,3,3,0.0,178.23400000000007,3.993000000000002,7.693959951400757,71.89228200912476,0.033228218511906396,0.019083300817227634,,,3
tetracene,c1ccc2cc3cc4ccccc4cc3cc2c1,acene,30,18,276,-693.4879952035287,-1215.0731697990025,True,2.9052580655368916e-07,3.6680206252295575e-07,0.0,True,91.1071789264679,6-31G*,wb97x-d3bj,0.15,3.5,120.00000000000001,18,83.99999999999997,symmetry,18.000000000000004,4.988632066684377e-13,72.0,17.979885954155964,0.0826183076452653,528955,17.999639486104215,7.785793936861544,0.5674472289918804,0.15525642723183086,0.15117004122795513,18,12,1.451111114603703,0.15117004122795513,0.12092592621697525,2.474389797326964,0.9957677072247629,0.15117004122795513,0.15117004122795513,0.13253942491732418,0.15117004122795513,8,0.10657659166930569,0.014854640563806441,0.013322073958663212,2.072809811259842,0.9968108118035208,0.014854640563806441,0.014854640563806441,0.014854640091184729,0,0.0,0.0,0.0,0.0,0.0,0.0,0.0,0.0,36,3.941707456792005,0.15525642723183086,0.10949187379977793,3.575329649096421,0.9977147352922273,0.15525642723183086,0.15525642723183086,0.1227557376176327,0.15525642723183086,8,0.2245415170980522,0.028826493770534423,0.028067689637256525,2.0793177037084676,0.9999404465242778,0.028826493770534423,0.028826493770534423,0.027868194068803805,0,0.0,0.0,0.0,0.0,0.0,0.0,0.0,0.0,20,8,0,12,8,0,12,8,0,9.429394960403442,-0.02514234172886827,0.02509290680592738,-0.0023026250106085405,0.000266406055132881,4000,247.8712833771162,4,4,0.0,228.29400000000007,5.146200000000003,9.188431978225708,109.80835890769958,0.03250067770230743,0.018528824535434002,,,4
pentacene,c1ccc2cc3cc4cc5ccccc5cc4cc3cc2c1,acene,36,22,336,-847.1915796188025,-1475.9722077838303,True,1.7234420809247333e-05,2.0185170552647692e-05,0.0,True,203.6791079044342,6-31G*,wb97x-d3bj,0.15,3.5,146.00000000000006,22,102.00000000000004,symmetry,22.000000000000025,8.435574696888898e-13,88.0,21.975169150996116,0.08381427112417697,595595,21.999558638929685,9.934306181114216,0.54843156882544,0.15717876135049416,0.15231599271351456,22,16,1.9677947591143887,0.15231599271351456,0.1229871724446493,2.765061995975495,0.9972853073360964,0.15231599271351456,0.15231599271351456,0.13328959655824923,0.15231599271351456,10,0.13715989435314183,0.015513731394240664,0.013715989435314182,2.2961608363794634,0.9972099808019563,0.015513731394240664,0.015513731394240664,0.014670764230646302,0,0.0,0.0,0.0,0.0,0.0,0.0,0.0,0.0,44,4.841666046518658,0.15717876135049416,0.11003786469360587,3.7770967399872495,0.9981256505045527,0.15717876135049416,0.15717876135049416,0.1249357350955053,0.15717876135049416,10,0.2753066966209326,0.028730503796241497,0.02753066966209326,2.302340645238528,0.9998938376886649,0.028730503796241497,0.028730503796241497,0.02736454204102947,0,0.0,0.0,0.0,0.0,0.0,0.0,0.0,0.0,24,10,0,16,10,0,16,10,0,14.143656730651855,-0.024816584710064205,0.026223433313528374,-0.0026525600932775983,0.0002665124000185577,4000,295.30028465947976,5,5,0.0,278.3539999999997,6.299400000000003,15.615194320678711,233.61108303070068,0.03224282667354425,0.019026054271543417,,,5
phenanthrene,c1ccc2c(c1)ccc1ccccc21,PAH,24,14,216,-539.7944741822087,-954.350289691795,True,6.016151004399567e-07,5.989701774773252e-07,0.0,True,54.67094922065735,6-31G*,wb97x-d3bj,0.15,3.5,94.0,14,66.0,symmetry,13.999999999999998,2.7925339798131276e-13,56.0,13.984874293635375,0.0790937195540073,484071,13.999717753546003,5.765090573591319,0.5881995140844126,0.15506367265605525,0.1521469622967867,14,8,0.9785290587295407,0.1521469622967867,0.12231613234119258,2.0689581049255352,0.9949585325943658,0.1521469622967867,0.1521469622967867,0.12009768953290237,0.1521469622967867,6,0.07851691855684846,0.013294758601230798,0.013086153092808077,1.7916876393423031,0.999959910977458,0.013294758601230798,0.013294758601230798,0.01304754538420987,0,0.0,0.0,0.0,0.0,0.0,0.0,0.0,0.0,28,3.0943777948446316,0.15506367265605525,0.11051349267302256,3.323961790840151,0.9975263465042787,0.15506367265605525,0.15506367265605525,0.12173779717732458,0.15506367265605525,6,0.18407225229940838,0.03331505530495054,0.030678708716568064,1.7852025732300971,0.9963405266663484,0.03331505530495054,0.03331505530495054,0.032933323583116444,0,0.0,0.0,0.0,0.0,0.0,0.0,0.0,0.0,10,6,0,8,6,0,8,6,0,9.179493188858032,-0.026651828673162584,0.03030975494961774,-0.002772991207963096,0.00027237996695469405,4000,199.30829281051294,3,3,0.0,178.23400000000007,3.993000000000002,6.737194776535034,70.73594164848328,0.03733902426472403,0.017071514343983362,,,3
pyrene,c1cc2ccc3cccc4ccc(c1)c2c34,PAH,26,16,244,-616.0627763262321,-1071.5609580658695,True,8.302570009833704e-07,8.732903495902793e-07,0.0,True,75.00169563293457,6-31G*,wb97x-d3bj,0.15,3.5,105.99999999999999,16,73.99999999999997,symmetry,15.999999999999993,5.19480282314299e-13,64.0,15.982208389314112,0.08073673027643684,507395,15.999664245917726,7.64355872621137,0.5222675545731152,0.1516796227420612,0.148109891968092,16,12,1.404032814196069,0.148109891968092,0.11700273451633908,2.478206881572601,0.9973038149276268,0.148109891968092,0.148109891968092,0.11378111856688448,0.148109891968092,8,0.10761068887766906,0.014023978426854971,0.013451336109708632,2.078535106876851,0.9995640970016149,0.014023978426854971,0.014023978426854971,0.014023977483550127,0,0.0,0.0,0.0,0.0,0.0,0.0,0.0,0.0,32,3.482626761226951,0.1516796227420612,0.10883208628834222,3.4592358478651475,0.9981244805960754,0.1516796227420612,0.1516796227420612,0.11735083928502628,0.1516796227420612,8,0.23720713388701897,0.03137208749286347,0.02965089173587737,2.0777557723263858,0.999189316304565,0.03137208749286347,0.03137208749286347,0.031372083414212854,0,0.0,0.0,0.0,0.0,0.0,0.0,0.0,0.0,16,8,0,12,8,0,12,8,0,9.830291748046875,-0.025444188377432064,0.02533762597577781,-0.0026770042561862894,0.0002675118983874755,4000,214.15231809872475,4,4,0.0,202.25600000000006,4.584000000000002,7.839354038238525,92.75825357437134,0.03529573124729979,0.017947622181291287,,,4
triphenylene,c1ccc2c(c1)c1ccccc1c1ccccc21,PAH,30,18,276,-693.5141875659687,-1215.4396831331778,True,1.225897670679252e-06,1.1389893919386652e-06,0.0,True,92.28402853012085,6-31G*,wb97x-d3bj,0.15,3.5,119.99999999999997,18,84.00000000000003,symmetry,17.999999999999996,4.341094398933222e-13,72.0,17.980672049754048,0.08023644243990594,603729,17.99963858300284,8.156710316185356,0.5468403280114866,0.15552281374787366,0.15537085046220356,18,12,1.4069257622883988,0.15537085046220356,0.11724381352403324,2.4730228145731394,0.9952175928959445,0.15537085046220356,0.15537085046220356,0.12399337667064927,0.15537085046220356,8,0.12926875755622252,0.02500930173088192,0.016158594694527816,2.0339846364355934,0.9781398494099907,0.02500930173088192,0.02500930173088192,0.013393183890869348,0,0.0,0.0,0.0,0.0,0.0,0.0,0.0,0.0,36,3.994695574718212,0.15552281374787366,0.11096376596439478,3.57701554495848,0.9981851934901642,0.15552281374787366,0.15552281374787366,0.1246926498498834,0.15552281374787366,8,0.25539349694172997,0.0345115929121437,0.031924187117716246,2.071169855001756,0.9960221595499156,0.0345115929121437,0.0345115929121437,0.03427059377307907,0,0.0,0.0,0.0,0.0,0.0,0.0,0.0,0.0,12,8,0,12,8,0,12,8,0,11.094122886657715,-0.02671926660395238,0.03163842767802966,-0.0032661893362828103,0.00028913949774383367,4000,239.0069655457473,4,4,0.0,228.29400000000007,5.146200000000003,10.014811754226685,113.52656269073486,0.03860889946678376,0.02812854044509081,,,4
perylene,c1cc2cccc3c2c2c(c1)cccc2c1cccc31,PAH,32,20,304,-769.6359697687849,-1329.7812383351059,True,1.5553867531546487e-15,3.809743248019068e-16,0.0,True,184.1908791065216,6-31G*,wb97x-d3bj,0.15,3.5,132.00000000000009,20,91.99999999999999,symmetry,20.000000000000007,6.168069437527345e-13,80.0,19.976302354898323,0.084465941990433,636363,19.999589974683392,10.061965910672559,0.4968913901030191,0.17096752388275613,0.17096752388275613,20,16,1.9235920829513375,0.17096752388275613,0.1202245051844586,2.758631787365178,0.9949660998175999,0.17096752388275613,0.17096752388275613,0.12603825878625613,0.17096752388275613,10,0.16144534981489128,0.02742816161707443,0.016144534981489128,2.247135401456106,0.9759185049418352,0.02742816161707443,0.02742816161707443,0.014264254266546605,0,0.0,0.0,0.0,0.0,0.0,0.0,0.0,0.0,40,4.379450756142964,0.17096752388275613,0.10948626890357409,3.6732203037323132,0.9957550387383466,0.17096752388275613,0.17096752388275613,0.12367475900004551,0.17096752388275613,10,0.2805349742997971,0.03286025717822012,0.02805349742997971,2.2985683775492225,0.9982555626469376,0.03286025717822012,0.03286025717822012,0.028133901922249738,0,0.0,0.0,0.0,0.0,0.0,0.0,0.0,0.0,18,10,0,16,10,0,16,10,0,12.892605781555176,-0.07261817313431293,0.054515867552003286,-0.0018063257811849177,0.0008658320472133609,4000,254.86635357959923,0,5,0.0,252.31600000000006,4.578000000000002,12.030292749404907,209.22027397155762,0.036641220777052404,0.030916385553184784,,,5
coronene,c1cc2ccc3ccc4ccc5ccc6ccc1c1c2c3c4c5c61,PAH,36,24,360,-922.3354262892823,-1567.4293384761936,True,2.515635194725644e-06,2.1332134473981473e-06,0.0,True,182.46365809440613,6-31G*,wb97x-d3bj,0.15,3.5,156.00000000000003,24,107.99999999999999,symmetry,24.00000000000001,1.3160789036614966e-12,96.0,23.97303318291245,0.08342762863449443,603729,23.999509308844758,13.836749099605184,0.42345699982683394,0.15657351192566846,0.15657351192566846,24,24,2.790934792560302,0.15657351192566846,0.11628894969001258,3.171369069668452,0.9978965867048382,0.15657351192566846,0.15657351192566846,0.12210897337100626,0.15657351192566846,14,0.22872716134547855,0.031053220984035713,0.016337654381819895,2.5831531195361848,0.978816598846974,0.031053220984035713,0.031053220984035713,0.013990540342117629,0,0.0,0.0,0.0,0.0,0.0,0.0,0.0,0.0,48,5.323976545589351,0.15657351192566846,0.11091617803311148,3.864833620239524,0.9983551898621577,0.15657351192566846,0.15657351192566846,0.12197413149711168,0.15657351192566846,14,0.43212417332476977,0.0312725498626962,0.030866012380340698,2.6389960136468393,0.9999767659581582,0.0312725498626962,0.0312725498626962,0.03127249992501899,0,0.0,0.0,0.0,0.0,0.0,0.0,0.0,0.0,36,14,0,24,14,0,24,14,0,14.05695366859436,-0.023930707044649613,0.02610343711768473,-0.003391080006852406,0.0002722432798313167,4000,283.6610608690481,7,7,0.0,300.3599999999998,6.919200000000002,14.696377754211426,211.37541723251343,0.03499391409745428,0.03446446009065632,,,7
benzo[a]pyrene,c1ccc2c(c1)cc1ccc3cccc4ccc2c1c34,PAH,32,20,304,-769.7767807572003,-1332.6072273460813,True,4.601024886863391e-07,6.310036048279401e-07,0.0,True,129.08024883270264,6-31G*,wb97x-d3bj,0.15,3.5,131.99999999999994,20,91.99999999999996,symmetry,20.0,7.637193455440695e-13,80.0,19.97766073144938,0.08180371554492048,594125,19.99960278244886,9.929959372060981,0.5034921703157396,0.15556420842247032,0.15548312128618016,20,16,1.904481747408799,0.15548312128618016,0.11903010921304993,2.765933084345095,0.9975994860538459,0.15548312128618016,0.15548312128618016,0.12152072290450805,0.15548312128618016,10,0.13377182832119314,0.014858427791767152,0.013377182832119314,2.3004983152522924,0.999093723941798,0.014858427791767152,0.014858427791767152,0.013524539696262657,0,0.0,0.0,0.0,0.0,0.0,0.0,0.0,0.0,40,4.464183013056271,0.15556420842247032,0.11160457532640677,3.6818237652245465,0.9980873083609384,0.15556420842247032,0.15556420842247032,0.12427793539946795,0.15556420842247032,10,0.29715716210993615,0.03190214470260859,0.029715716210993615,2.3008994463593795,0.9992679329681255,0.03190214470260859,0.03190214470260859,0.030883446181147238,0,0.0,0.0,0.0,0.0,0.0,0.0,0.0,0.0,22,10,0,16,10,0,16,10,0,13.671372652053833,-0.025443982712980595,0.03051548379704533,-0.0032105141256665503,0.0002731059736168199,4000,257.7953232423941,5,5,0.0,252.31600000000006,5.737200000000003,11.333279609680176,154.20808935165405,0.035814060046352604,0.018401316878332536,,,5
azulene,C1=CC2=CC=CC=CC2=C1,PAH,18,10,156,-386.0081413042557,-691.7752115055408,True,1.1196157566909492e-06,1.8521256466368518e-06,0.0,True,25.338268995285034,6-31G*,wb97x-d3bj,0.15,3.5,67.9999999999999,10,47.99999999999994,symmetry,9.999999999999993,1.2374492679839567e-13,40.0,9.988414541241598,0.08126600187604624,412335,9.999797458581977,3.449662649271451,0.6550267479356896,0.16025107234799227,0.15092175336997593,10,4,0.543506329459712,0.15092175336997593,0.135876582364928,1.3801515673349396,0.9955689109346239,0.15092175336997593,0.15092175336997593,0.12083141135988007,0.15092175336997593,4,0.051972033812166196,0.01440523472680716,0.012993008453041549,1.3803757819034954,0.9957306475576991,0.01440523472680716,0.01440523472680716,0.011580782179275936,0,0.0,0.0,0.0,0.0,0.0,0.0,0.0,0.0,20,2.188749214206782,0.16025107234799227,0.10943746071033911,2.9818572983612865,0.995368419496231,0.16025107234799227,0.16025107234799227,0.11307547637732202,0.16025107234799227,4,0.10645984606755672,0.037626312723269585,0.02661496151688918,1.2980830157652652,0.9363689647533692,0.037626312723269585,0.037626312723269585,0.015603610310508779,0,0.0,0.0,0.0,0.0,0.0,0.0,0.0,0.0,8,4,0,4,4,0,4,4,0,6.123916864395142,-0.03485459279374137,0.02898864129412912,-0.0018545506879074022,0.0002938298531964104,4000,156.81008402981166,0,2,0.0,128.17399999999995,2.535000000000001,3.8866469860076904,35.42602610588074,0.03948531609849644,0.019263008727663608,,,2
biphenyl,c1ccc(-c2ccccc2)cc1,biaryl,22,12,188,-463.52803013748957,-837.2061662835246,True,0.355606980397181,0.5422861667196275,0.7935607357475142,False,45.501819133758545,6-31G*,wb97x-d3bj,0.15,3.5,82.00000000000003,12,57.99999999999995,POAV,,,,12.352849816366597,,495187,12.352653298701036,3.938435188943039,0.6811668640163979,0.16334427573540655,0.16216003288028802,12,4,0.5648889875972715,0.16216003288028802,0.14122224689931787,1.382310259760609,0.9971260783632827,0.16216003288028802,0.1405835357280414,0.13272811350156932,0.16216003288028802,7,0.09612094373827729,0.017208353225514186,0.013731563391182469,1.9378361800048667,0.9958508006886309,0.017208353225514186,0.014804175561496906,0.014744298580003453,0,0.0,0.0,0.0,0.0,0.0,0.0,0.0,0.0,24,2.712078549215817,0.16334427573540655,0.11300327288399237,3.170791943155044,0.9977149892416686,0.16334427573540655,0.141723575866079,0.12807168386130346,0.16334427573540655,27,0.5582699074748804,0.03404233668816304,0.020676663239810385,3.229892408593513,0.9799915893620174,0.03404233668816304,0.034021837330332594,0.03381305538028402,0,0.0,0.0,0.0,0.0,0.0,0.0,0.0,0.0,4,7,0,4,7,0,4,7,0,8.34501600265503,-0.027840874729948104,0.02242783540318699,-0.0013192219868512884,0.0002191116306878173,4000,188.95121581386425,2,2,0.0,154.21200000000007,3.353600000000001,5.270935535430908,59.195467710494995,0.038474756681820474,0.018158169789730547,0.0009139014851401587,0.0009368371260136488,2
pyridine,c1ccncc1,heteroarene,11,6,94,-248.3873325828685,-439.46683373282923,True,4.075971730436846e-07,1.047500161103333e-06,0.0,True,9.200938701629639,6-31G*,wb97x-d3bj,0.15,3.5,41.99999999999998,6,30.000000000000014,symmetry,6.000000000000009,6.882102150077302e-14,24.0,5.990869360452864,0.08288897259029118,321489,5.999627890536963,1.93469948854011,0.6775300862255715,0.27313681310845156,0.2414814816237895,6,2,0.482962963247579,0.2414814816237895,0.2414814816237895,0.6931471805599453,1.0,0.2414814816237895,0.2414814816237895,0.0,0.2414814816237895,2,0.026818519921555692,0.013409259960777846,0.013409259960777846,0.6931471805599453,1.0,0.013409259960777846,0.013409259960777846,0.0,0,0.0,0.0,0.0,0.0,0.0,0.0,0.0,0.0,12,1.5296311977997903,0.27313681310845156,0.12746926648331586,2.376723819611806,0.9564640264512859,0.27313681310845156,0.27313681310845156,0.11296354210032408,0.27313681310845156,2,0.07281853843991648,0.03640926921995824,0.03640926921995824,0.6931471805599453,1.0,0.03640926921995824,0.03640926921995824,0.0,0,0.0,0.0,0.0,0.0,0.0,0.0,0.0,0.0,4,2,0,2,2,0,2,2,0,3.7920584678649902,-0.06335070635883201,0.03261275539926009,0.0011745132573908852,0.0003936409506708098,3477,104.05108806729419,1,1,12.89,79.10199999999998,1.0816,1.5909652709960938,14.611509561538696,0.04064481110471772,0.01764480184553732,,,1
pyrimidine,c1cncnc1,heteroarene,10,6,92,-264.42039359788356,-446.88855267943,True,7.153780447285868e-07,1.712311646383336e-06,0.0,True,8.621198892593384,6-31G*,wb97x-d3bj,0.15,3.5,42.00000000000005,6,30.0,symmetry,6.000000000000002,3.7684530086759296e-14,24.0,5.987308277701262,0.09413676532512921,313551,5.999402719973674,2.6003052482586706,0.5665726457066245,0.2978824439093737,0.2692829218845968,6,4,1.020504913171008,0.2692829218845968,0.255126228292752,1.3847540567885412,0.9988889052898513,0.2692829218845968,0.2692829218845968,0.24096953470090718,0.2692829218845968,2,0.026450873415266002,0.013225436707633001,0.013225436707633001,0.6931471805599453,1.0,0.013225436707633001,0.013225436707633001,0.0,0,0.0,0.0,0.0,0.0,0.0,0.0,0.0,0.0,12,1.8212257723210405,0.2978824439093737,0.1517688143600867,2.342082567902517,0.9425233612306247,0.2978824439093737,0.2978824439093737,0.23797409596375857,0.2978824439093737,2,0.07380564243406187,0.03690282121703094,0.03690282121703094,0.6931471805599453,1.0,0.03690282121703094,0.03690282121703094,0.0,0,0.0,0.0,0.0,0.0,0.0,0.0,0.0,0.0,6,2,0,4,2,0,4,2,0,3.644038200378418,-0.05452433252261746,0.03976576257130951,0.0028480769577384816,0.0005042993449662892,3103,97.96343548687405,1,1,25.78,80.08999999999997,0.4765999999999999,1.6733651161193848,13.967476844787598,0.04124214781663194,0.017564763307234003,,,1
s-triazine,c1ncncn1,heteroarene,9,6,90,-280.45656900473654,-454.36611887321214,True,8.864977373343229e-07,1.4038470838383314e-06,0.0,True,6.890039443969727,6-31G*,wb97x-d3bj,0.15,3.5,41.999999999999986,6,29.99999999999999,symmetry,6.0000000000000036,3.260963848822512e-14,24.0,5.9831595370957995,0.105442837615155,305613,5.999175580817932,3.2951658678837976,0.4507302172618638,0.30534433323297167,0.2782553963955153,6,6,1.558995882572809,0.2782553963955153,0.25983264709546816,1.7905116468036573,0.9993035770448947,0.2782553963955153,0.2782553963955153,0.25162182325234816,0.2782553963955153,2,0.02630412775779563,0.013152063878897814,0.013152063878897814,0.6931471805599453,1.0,0.013152063878897814,0.013152063878897814,0.0,0,0.0,0.0,0.0,0.0,0.0,0.0,0.0,0.0,12,2.086654649570551,0.30534433323297167,0.17388788746421258,2.3334511082914142,0.9390498063540907,0.30534433323297167,0.30534433323297167,0.24626165451279813,0.30534433323297167,2,0.08550514264470918,0.04275257132235459,0.04275257132235459,0.6931471805599453,1.0,0.04275257132235459,0.04275257132235459,0.0,0,0.0,0.0,0.0,0.0,0.0,0.0,0.0,0.0,6,2,0,6,2,0,6,2,0,4.241909503936768,-0.045046973872451546,0.03519576691369583,0.0031782268574413876,0.00045278184069866436,2750,92.7653876981709,1,1,38.67,81.07799999999999,-0.12840000000000007,1.4222064018249512,12.583271265029907,0.04723940667346177,0.017638899230004994,,,1
pyrrole,c1cc[nH]c1,heteroarene,10,5,80,-210.25503819813383,-381.4260220581172,True,1.6290201816706806e-07,2.8958290273155132e-06,0.0,True,6.2247819900512695,6-31G*,wb97x-d3bj,0.15,3.5,35.99999999999996,5,26.000000000000004,symmetry,5.999999999999999,4.5954963662497946e-14,20.0,5.991764225373431,0.07805884359536602,290521,5.999467550850143,1.0706242129579684,0.8215467949641202,0.39564709995350905,0.02209576545930307,5,2,0.04419153091860614,0.02209576545930307,0.02209576545930307,0.6931471805599453,1.0,0.02209576545930307,0.02209576545930307,0.0,0.02209576545930307,2,0.015650030149073933,0.007825015074536966,0.007825015074536966,0.6931471805599453,1.0,0.007825015074536966,0.007825015074536966,0.0,0,0.0,0.0,0.0,0.0,0.0,0.0,0.0,0.0,10,1.720965234728781,0.39564709995350905,0.1720965234728781,2.1311383335730403,0.9255416184432629,0.39564709995350905,0.39564709995350905,0.12263489699846691,0.39564709995350905,2,0.06312419136255788,0.03156209568127894,0.03156209568127894,0.6931471805599453,1.0,0.03156209568127894,0.03156209568127894,0.0,0,0.0,0.0,0.0,0.0,0.0,0.0,0.0,0.0,6,2,0,2,2,0,2,0,0,3.3211936950683594,-0.043671694305425085,0.07672093197227073,-0.001212875471829812,0.0006168736517187416,3013,93.1526204086524,1,1,15.79,67.091,1.0147,1.217721700668335,10.833070755004883,0.049328984797614855,0.016790404502775916,,,1
furan,c1ccoc1,heteroarene,9,5,78,-230.10111955705338,-398.51159449555576,True,6.530842622010615e-08,6.655892933862559e-07,0.0,True,6.508931398391724,6-31G*,wb97x-d3bj,0.15,3.5,36.00000000000006,5,26.00000000000002,symmetry,6.0000000000000115,4.945824055084813e-14,20.0,5.988906651543148,0.08354763709755267,282975,5.997757581735693,2.2286811883010778,0.6284142601748637,0.707801559984341,0.6415827349280958,5,2,1.2831654698561916,0.6415827349280958,0.6415827349280958,0.6931471805599453,1.0,0.6415827349280958,0.6415827349280958,0.0,0.6415827349280958,2,0.019310541523109955,0.009655270761554978,0.009655270761554978,0.6931471805599453,1.0,0.009655270761554978,0.009655270761554978,0.0,0,0.0,0.0,0.0,0.0,0.0,0.0,0.0,0.0,10,2.3113005815723806,0.707801559984341,0.23113005815723806,1.8975065555368014,0.824076626444879,0.707801559984341,0.707801559984341,0.11935633610735644,0.707801559984341,2,0.0578392065793837,0.02891960328969185,0.02891960328969185,0.6931471805599453,1.0,0.02891960328969185,0.02891960328969185,0.0,0,0.0,0.0,0.0,0.0,0.0,0.0,0.0,0.0,6,2,0,2,2,0,2,0,0,3.337184190750122,-0.03202086299941659,0.0315276042639495,0.000431170561019273,0.00028179859328509877,2930,88.59238001711812,1,1,13.14,68.07499999999999,1.2795999999999998,1.1592369079589844,11.033385276794434,0.03796447899621034,0.01870014646807347,,,1
thiophene,c1ccsc1,heteroarene,9,5,82,-553.0697663070373,-376.0144291090907,True,6.24901794076013e-07,2.7794559109862527e-06,0.0,True,8.070439100265503,6-31G*,wb97x-d3bj,0.15,3.5,44.000000000000014,9,26.000000000000007,symmetry,6.000000000000003,3.848844241029825e-14,21.0,5.9850753545628175,0.09477969723121783,290325,5.988894708292891,2.519466504866593,0.5793102688250874,0.43898960516001356,0.43898960516001356,5,4,1.040732756552914,0.43898960516001356,0.2601831891382285,1.126771307089196,0.8127936884767792,0.43898960516001356,0.43898960516001356,0.08137677311644348,0.43898960516001356,8,0.09366427152416273,0.019318016600519565,0.011708033940520342,2.008979045448709,0.9661147020395653,0.019318016600519565,0.019318016600519565,0.010246924175661875,2,0.02540332793354021,0.012701663966770105,0.012701663966770105,0.6931471805599453,1.0,0.012701663966770105,0.012701663966770105,0.0,12,1.959167316661482,0.43898960516001356,0.1632639430551235,2.258790623039836,0.9090042168113416,0.43898960516001356,0.43898960516001356,0.13794634103694703,0.43898960516001356,8,0.12153511118106618,0.02335818771293672,0.015191888897633272,1.9786129832869097,0.9515117129421807,0.02335818771293672,0.02335818771293672,0.019999923289201145,2,0.02540332793354021,0.012701663966770105,0.012701663966770105,0.6931471805599453,1.0,0.012701663966770105,0.012701663966770105,0.0,8,10,2,4,8,2,4,6,2,3.2575690746307373,-0.026036456289969367,0.03204143724115699,0.0003391628376380752,0.00025128879120992723,3457,98.11394919090753,1,1,0.0,84.14299999999997,1.7480999999999998,1.3640265464782715,12.721053123474121,0.033973286862148545,0.03331115686818792,0.01324493827272821,0.01324493827272821,1
imidazole,c1c[nH]cn1,heteroarene,9,5,78,-226.29761473461983,-389.05927689130084,True,9.13479542525671e-09,8.095404720133999e-08,0.0,True,6.310203790664673,6-31G*,wb97x-d3bj,0.15,3.5,35.999999999999964,5,25.999999999999993,symmetry,6.000000000000007,4.414485963643443e-14,20.0,5.988116152776283,0.08757560102950564,275429,5.999289053251392,1.8279699464874397,0.6953022382715919,0.41493093327979846,0.2973786089249195,5,4,0.6050411356716023,0.2973786089249195,0.15126028391790058,0.779257120722642,0.562115191821984,0.2973786089249195,0.2973786089249195,0.005141958910881681,0.2973786089249195,2,0.014832934831175523,0.007416467415587762,0.007416467415587762,0.6931471805599453,1.0,0.007416467415587762,0.007416467415587762,0.0,0,0.0,0.0,0.0,0.0,0.0,0.0,0.0,0.0,10,2.0496664567137706,0.41493093327979846,0.20496664567137707,2.152574820290057,0.9348513663358557,0.41493093327979846,0.41493093327979846,0.2541885723019144,0.41493093327979846,2,0.07372096747201781,0.036860483736008906,0.036860483736008906,0.6931471805599453,1.0,0.036860483736008906,0.036860483736008906,0.0,0,0.0,0.0,0.0,0.0,0.0,0.0,0.0,0.0,6,2,0,4,2,0,2,0,0,3.19697642326355,-0.07494025947504965,0.08733597564182646,0.00036934432619270037,0.0011237862547278613,2783,87.69228104930106,1,1,28.68,68.07899999999998,0.40969999999999995,1.2594242095947266,10.787353754043579,0.046148735850821014,0.016704719530399866,,,1
indole,c1ccc2[nH]ccc2c1,heteroarene,16,9,140,-363.9774232224451,-642.658037873902,True,3.144089399066008e-07,8.823416463753328e-07,0.0,True,22.12090301513672,6-31G*,wb97x-d3bj,0.15,3.5,62.000000000000064,9,44.000000000000036,symmetry,10.000000000000009,2.2312131045839974e-13,36.0,9.987274227702569,0.08192014476760483,386365,9.99944546226649,3.35616392245752,0.6643649955267812,0.44277953862806013,0.15620300367529946,9,4,0.5454833742047271,0.15620300367529946,0.1363708435511818,1.375682093508197,0.9923448670720116,0.15620300367529946,0.15620300367529946,0.11653868342706408,0.15620300367529946,4,0.04258515645771631,0.012843554656196795,0.010646289114429077,1.364842534835205,0.9845257783005362,0.012843554656196795,0.012843554656196795,0.00844902357266136,0,0.0,0.0,0.0,0.0,0.0,0.0,0.0,0.0,18,2.6775344999317023,0.44277953862806013,0.14875191666287235,2.718925224578988,0.9406835702539632,0.44277953862806013,0.44277953862806013,0.11710629960694117,0.44277953862806013,4,0.1221567906543807,0.03363054265837005,0.030539197663595176,1.3811622765888432,0.9962979835488175,0.03363054265837005,0.03363054265837005,0.027447852668820306,0,0.0,0.0,0.0,0.0,0.0,0.0,0.0,0.0,6,4,0,4,4,0,4,2,0,5.182055473327637,-0.038316058455200724,0.07889444051794331,-0.002509830807397198,0.0005499477631352312,4000,140.34396020677187,2,2,15.79,117.15099999999995,2.1678999999999995,3.1984033584594727,30.573402404785156,0.03774720809979797,0.01696022009762472,,,2
quinoline,c1ccc2ncccc2c1,heteroarene,17,10,154,-402.1050951998355,-700.5779741094116,True,5.525630078120943e-07,1.3257727511987442e-06,0.0,True,24.077436447143555,6-31G*,wb97x-d3bj,0.15,3.5,68.0,10,48.00000000000004,symmetry,9.999999999999996,2.5629328723857507e-13,40.0,9.986274269736095,0.08408886730300409,386365,9.999534119389617,4.265997087710749,0.5733804158496985,0.2758869081396023,0.26779092713665936,10,6,0.9641123224558096,0.26779092713665936,0.16068538707596827,1.687437135305085,0.9417765968509628,0.26779092713665936,0.26779092713665936,0.11344230948276994,0.26779092713665936,4,0.04851088170897658,0.012277013485467192,0.012127720427244144,1.3862185903240465,0.9999453429242957,0.012277013485467192,0.012277013485467192,0.011978427369021096,0,0.0,0.0,0.0,0.0,0.0,0.0,0.0,0.0,20,2.4098401595028927,0.2758869081396023,0.12049200797514463,2.9214676005166673,0.9752098431181837,0.2758869081396023,0.2758869081396023,0.11573834132554799,0.2758869081396023,4,0.1244658724143916,0.03134350946660238,0.0311164681035979,1.38626774141502,0.9999807979418966,0.03134350946660238,0.03134350946660238,0.030889426740593418,0,0.0,0.0,0.0,0.0,0.0,0.0,0.0,0.0,8,4,0,6,4,0,6,4,0,4.2995445728302,-0.05952514527398457,0.03231860147497015,-0.000733517246547247,0.0003327991545557465,4000,150.02735407478477,2,2,12.89,129.16199999999998,2.2348,3.145277500152588,31.55374264717102,0.03536641474936972,0.01629991876823453,,,2
porphine,C1=CC2=CC3=NC(=CC4=CC=C(N4)C=C4C=CC(=N4)C=C1N2)C=C3,macrocycle,38,24,364,-989.945205253369,-1677.100726608462,True,2.1719345669086954e-06,2.9107796355137243e-06,0.0,True,213.47372889518738,6-31G*,wb97x-d3bj,0.15,3.5,162.00000000000006,24,114.00000000000006,symmetry,26.00000000000001,4.463258966915278e-13,96.0,25.957050816522017,0.0920177863811781,693889,25.998108465945,12.117810508185958,0.5338964554263971,0.41270688845503734,0.3204850277227906,24,20,3.0044263571062997,0.3204850277227906,0.15022131785531498,2.8712499534361844,0.9584467807030944,0.3204850277227906,0.3204850277227906,0.3017961904740271,0.3204850277227906,10,0.1132873277911442,0.018668887271415992,0.01132873277911442,2.25369199172278,0.9787659959147522,0.018668887271415992,0.018668887271415992,0.010350575840519712,0,0.0,0.0,0.0,0.0,0.0,0.0,0.0,0.0,48,6.959627673831791,0.41270688845503734,0.14499224320482898,3.72517606240081,0.9622791614034957,0.41270688845503734,0.41270688845503734,0.37299823072392607,0.41270688845503734,10,0.26546108307097005,0.03960105130491265,0.026546108307097006,2.271338719750651,0.9864298725209043,0.03960105130491265,0.03960105130491265,0.02575319540129115,0,0.0,0.0,0.0,0.0,0.0,0.0,0.0,0.0,28,10,0,20,10,0,20,6,0,15.388659238815308,-0.04424060580144379,0.03334167885986871,-0.0030236025529035036,0.00036589850088109433,4000,312.40559692381896,3,5,57.36,310.3599999999998,4.655600000000002,16.219581842422485,245.22345542907715,0.03970412078393465,0.019013430184721465,,,5
toluene,Cc1ccccc1,shielding,15,7,114,-271.6993930255993,-518.3879396831477,True,0.004638492899307876,0.32119550296771004,1.0364440868498923,False,14.616302728652954,6-31G*,wb97x-d3bj,0.15,3.5,50.00000000000002,7,35.99999999999994,POAV,,,,6.287294456350271,,422037,6.287176425126089,1.2229413025898712,0.8054864028147031,0.15785389650266785,0.018644267677733542,6,2,0.037199667227599154,0.018644267677733542,0.018599833613799577,0.6931443270172815,0.9999958832081499,0.018644267677733542,0.01855539954986561,0.0,0.018644267677733542,2,0.018986492329307148,0.009575860742287445,0.009493246164653574,0.6931093136928866,0.9999453696586805,0.009575860742287445,0.009410631587019703,0.0,0,0.0,0.0,0.0,0.0,0.0,0.0,0.0,0.0,12,1.453201945601885,0.15785389650266785,0.12110016213349041,2.475868390364046,0.9963627368357176,0.15785389650266785,0.1567806598184511,0.11945531812410048,0.15785389650266785,2,0.06810668165082882,0.03422445776376852,0.03405334082541441,0.6931345553565273,0.9999817856816388,0.03422445776376852,0.0338822238870603,0.0,0,0.0,0.0,0.0,0.0,0.0,0.0,0.0,0.0,2,2,0,2,2,0,2,0,0,5.27709174156189,-0.03159051311848457,0.020856996756302704,-0.0010220528368605434,0.0002088915620135488,4000,130.84205614635684,1,1,0.0,92.14099999999995,1.99502,2.654848098754883,22.576940774917603,0.03846224205641749,0.013749433709515339,5.108213168279231e-13,4.7000445334380565e-07,1
p-xylene,Cc1ccc(C)cc1,shielding,18,8,132,-311.04119194049366,-604.6632480400895,True,0.006413605743102845,0.4146411034853815,1.0352867037680518,False,16.91462540626526,6-31G*,wb97x-d3bj,0.15,3.5,58.00000000000009,8,42.00000000000002,POAV,,,,6.5780137743944,,451143,6.5778868394848615,1.1709098745303321,0.8219930042727779,0.15588705911515727,0.0186762465554706,6,2,0.037339199366480884,0.0186762465554706,0.018669599683240442,0.6931471171825097,0.9999999085656879,0.0186762465554706,0.018662952811010283,0.0,0.0186762465554706,2,0.019537229066851403,0.009768649311129534,0.009768614533425701,0.693147180553608,0.9999999999908573,0.009768649311129534,0.00976857975572187,0.0,0,0.0,0.0,0.0,0.0,0.0,0.0,0.0,0.0,12,1.4538429140623956,0.15588705911515727,0.1211535761718663,2.477298167110009,0.9969381213259498,0.15588705911515727,0.15507255759771535,0.1164654066364646,0.15588705911515727,2,0.06934629180379204,0.03467315312730969,0.03467314590189602,0.6931471805599236,0.9999999999999688,0.03467315312730969,0.034673138676482355,0.0,0,0.0,0.0,0.0,0.0,0.0,0.0,0.0,0.0,4,2,0,2,2,0,2,0,0,6.029914379119873,-0.03217192781482034,0.01937502095746274,-0.0009972030631039855,0.00017951737921637347,4000,151.41395882429967,1,1,0.0,106.16799999999994,2.30344,3.168475389480591,26.144723415374756,0.03887694483626178,0.013972407070569902,1.95098301665235e-13,,1
mesitylene,Cc1cc(C)cc(C)c1,shielding,21,9,150,-350.38329435729355,-690.9413118867958,True,0.006646747277294739,0.47043598614276366,1.0388218876902344,False,22.264551162719727,6-31G*,wb97x-d3bj,0.15,3.5,66.00000000000001,9,48.000000000000036,POAV,,,,6.874970476452432,,544887,6.874841471729785,1.1130209164708915,0.8381023153700673,0.1653746067489558,0.018639324030972584,6,2,0.03725557996727949,0.018639324030972584,0.018627789983639745,0.6931469888649278,0.9999997234425488,0.018639324030972584,0.018616255936306905,0.0,0.018639324030972584,2,0.019257503730696825,0.009722644521430426,0.009628751865348412,0.6930996360750288,0.9999314078073893,0.009722644521430426,0.009534859209266397,0.0,0,0.0,0.0,0.0,0.0,0.0,0.0,0.0,0.0,12,1.505863325324812,0.1653746067489558,0.12548861044373433,2.4761221087999723,0.9964648406455118,0.1653746067489558,0.16192421153464662,0.12103757967572351,0.1653746067489558,2,0.06999505964097812,0.035014899375588424,0.03499752982048906,0.6931470573991096,0.9999998223164732,0.035014899375588424,0.03498016026538969,0.0,0,0.0,0.0,0.0,0.0,0.0,0.0,0.0,0.0,6,2,0,2,2,0,2,0,0,7.812712907791138,-0.03357711217314968,0.017647917669174368,-0.000697330733608192,0.00015318807695171457,4000,172.5493375605904,1,1,0.0,120.19499999999992,2.611860000000001,4.075792551040649,34.204429388046265,0.03926976377684961,0.013908891349251152,1.799185549546224e-13,3.2459803432238567e-06,1
hexamethylbenzene,Cc1c(C)c(C)c(C)c(C)c1C,shielding,30,12,204,-468.39617919133616,-949.3141145742038,True,0.07593072367043589,0.5700984228546774,0.8848342721926085,False,53.19659638404846,6-31G*,wb97x-d3bj,0.15,3.5,90.00000000000001,12,66.00000000000001,POAV,,,,7.722804192883948,,527589,7.722689200434508,0.9881371335273869,0.8720475331997317,0.17483632420317402,0.014682249487585753,6,2,0.02845207980731244,0.014682249487585753,0.01422603990365622,0.6926328939341305,0.9992580412353416,0.014682249487585753,0.013769830319726688,0.0,0.014682249487585753,2,0.015910476274993073,0.007955248726612543,0.007955238137496537,0.6931471805590594,0.999999999998722,0.007955248726612543,0.00795522754838053,0.0,0,0.0,0.0,0.0,0.0,0.0,0.0,0.0,0.0,12,1.6489185570289158,0.17483632420317402,0.13740987975240965,2.4784402801461596,0.9973977414232472,0.17483632420317402,0.17176121693141796,0.13241243866290986,0.17483632420317402,2,0.06901508198930174,0.03450756102838778,0.03450754099465087,0.6931471805597769,0.999999999999757,0.03450756102838778,0.034507520960913966,0.0,0,0.0,0.0,0.0,0.0,0.0,0.0,0.0,0.0,2,2,0,2,2,0,2,0,0,9.117117643356323,-0.0361787061883673,0.014049435405284721,-0.0006966676624337908,0.0001336398678059959,4000,218.36129827229817,1,1,0.0,162.27600000000015,3.5371200000000025,5.9990074634552,68.3602786064148,0.0395128498067031,0.012960516326695853,1.7136477480897725e-11,0.00011662735072218259,1
hexaethylbenzene,CCc1c(CC)c(CC)c(CC)c(CC)c1CC,shielding,48,18,312,-704.4180323694657,-1465.563117817114,True,0.7014615856644977,1.0857827114172387,2.0844875678725856,False,172.11930441856384,6-31G*,wb97x-d3bj,0.15,3.5,137.99999999999997,18,101.99999999999999,POAV,,,,7.794040254387239,,914529,7.7940647376588,0.922603563418968,0.8816274184943321,0.17637477573539453,0.014803046692775103,6,2,0.02877360532931849,0.014803046692775103,0.014386802664659245,0.6927285816737998,0.9993960894628363,0.014803046692775103,0.013970558636543387,0.0,0.014803046692775103,2,0.016729755191500918,0.008607609557526937,0.008364877595750459,0.6927260994868321,0.9993925084240074,0.008607609557526937,0.008122145633973982,0.0,0,0.0,0.0,0.0,0.0,0.0,0.0,0.0,0.0,12,1.5453062962192587,0.17637477573539453,0.12877552468493822,2.4778521540224943,0.997161062059974,0.17637477573539453,0.137758993993208,0.13193984260066138,0.17637477573539453,7,0.18073776434736144,0.03355967459348401,0.025819680621051635,1.8747343312990663,0.9634228652382533,0.03355967459348401,0.03343379809385863,0.0296111273768464,0,0.0,0.0,0.0,0.0,0.0,0.0,0.0,0.0,2,2,0,2,2,0,2,0,0,18.704254627227783,-0.03537483442264043,0.015468436635571098,0.0005308980115917111,8.236361118159158e-05,4000,329.74520916826276,1,1,0.0,246.43800000000024,5.061000000000005,16.90496301651001,207.93370985984802,0.038447224815605356,0.013204011838239566,0.00017337041286283873,0.0005321154241635625,1
"1,3,5-tri-tBu-benzene",CC(C)(C)c1cc(C(C)(C)C)cc(C(C)(C)C)c1,shielding,48,18,312,-704.4317213072117,-1466.0546658534615,True,0.724298247780242,1.1317040353016314,2.1504698780962985,False,230.67408800125122,6-31G*,wb97x-d3bj,0.15,3.5,138.00000000000009,18,101.99999999999997,POAV,,,,7.102716148642141,,931623,7.102569026842026,1.056980181091996,0.851183398978953,0.17031076431008882,0.018308754640878937,6,2,0.036617470015843756,0.018308754640878937,0.018308735007921878,0.6931471805593704,0.9999999999991707,0.018308754640878937,0.018308715374964816,0.0,0.018308754640878937,2,0.02049547114924432,0.010247783010791996,0.01024773557462216,0.6931471805492317,0.9999999999845436,0.010247783010791996,0.010247688138452324,0.0,0,0.0,0.0,0.0,0.0,0.0,0.0,0.0,0.0,12,1.5093058807373603,0.17031076431008882,0.1257754900614467,2.472692032431225,0.9950844763694373,0.17031076431008882,0.17030910417726852,0.12307955528239373,0.17031076431008882,2,0.0679787383244789,0.033989462391468814,0.03398936916223945,0.6931471805561836,0.9999999999945731,0.033989462391468814,0.033989275933010085,0.0,0,0.0,0.0,0.0,0.0,0.0,0.0,0.0,0.0,6,2,0,2,2,0,2,2,0,21.669225454330444,-0.031735282062972436,0.018733828564902383,0.0008450487559373108,8.405737855549545e-05,4000,343.18971776115336,1,1,0.0,246.43800000000024,5.579100000000006,15.287115335464478,267.76112127304077,0.038401572497080705,0.014659893116403885,1.3803696979149556e-23,5.786471138223087e-13,1
fluorobenzene,Fc1ccccc1,substituted,12,7,108,-331.59412452322266,-547.2268158193739,True,4.4688115528797664e-07,1.4168814790346925e-06,0.0,True,12.155933141708374,6-31G*,wb97x-d3bj,0.15,3.5,50.00000000000002,7,36.00000000000004,symmetry,8.0,1.637935200972646e-13,28.0,6.285550577655766,0.8521915407396987,337561,7.992253471613049,3.849027013174871,0.5184052874641831,1.2735032351937154,1.2735032351937154,7,4,2.779764911098166,1.2735032351937154,0.6949412277745415,0.9809408101548441,0.7075992211079979,1.2735032351937154,1.2735032351937154,0.11637922035536734,1.2735032351937154,2,0.027454454008440824,0.013727227004220412,0.013727227004220412,0.6931471805599453,1.0,0.013727227004220412,0.013727227004220412,0.0,0,0.0,0.0,0.0,0.0,0.0,0.0,0.0,0.0,14,3.880893790204219,1.2735032351937154,0.27720669930030134,1.9517234875117881,0.7395532736669745,1.2735032351937154,1.2735032351937154,0.12081676446364319,1.2735032351937154,2,0.07540795031249861,0.037703975156249306,0.037703975156249306,0.6931471805599453,1.0,0.037703975156249306,0.037703975156249306,0.0,0,0.0,0.0,0.0,0.0,0.0,0.0,0.0,0.0,4,2,0,4,2,0,4,2,0,3.5915141105651855,-0.026158668921972716,0.02828078110595486,0.0009219396055057285,0.00024054244095293836,3755,114.75044912337387,1,1,0.0,96.10399999999996,1.8256999999999999,1.8928463459014893,17.66753077507019,0.04192324334226466,0.017946495190235768,,,1
hexafluorobenzene,Fc1c(F)c(F)c(F)c(F)c1F,substituted,12,12,168,-827.7233501805498,-1120.7343343910177,True,3.731791448263543e-06,3.7317914482643534e-06,0.0,True,20.84515118598938,6-31G*,wb97x-d3bj,0.15,3.5,90.00000000000009,12,66.00000000000004,symmetry,18.000000000000007,3.283846470734671e-13,48.0,7.700753733332394,1.5259727682265263,337365,17.959718884752416,17.959718884752416,0.0,1.5570734380813631,1.5570734380813631,12,24,18.810612129946843,1.5570734380813631,0.7837755054144518,2.774408312492345,0.8729897165362338,1.5570734380813631,1.5570734380813631,1.5137602698042902,1.5570734380813631,2,0.08321969614364684,0.04160984807182342,0.04160984807182342,0.6931471805599453,1.0,0.04160984807182342,0.04160984807182342,0.0,0,0.0,0.0,0.0,0.0,0.0,0.0,0.0,0.0,24,18.810612129946843,1.5570734380813631,0.7837755054144518,2.774408312492345,0.8729897165362338,1.5570734380813631,1.5570734380813631,1.5137602698042902,1.5570734380813631,2,0.08321969614364684,0.04160984807182342,0.04160984807182342,0.6931471805599453,1.0,0.04160984807182342,0.04160984807182342,0.0,0,0.0,0.0,0.0,0.0,0.0,0.0,0.0,0.0,24,2,0,24,2,0,24,2,0,3.837941884994507,-0.009371906665044505,0.03505181108288924,0.007873456466484196,0.00017564812214026674,3312,145.40201988346809,1,1,0.0,186.05399999999997,2.5212,3.2650856971740723,27.991140604019165,0.04547034131658046,0.04547034131658046,,,1
phenol,Oc1ccccc1,substituted,13,7,110,-307.5839234692684,-542.9799500438752,True,3.682745042344461e-08,1.5893227115847072e-07,0.0,True,12.06479787826538,6-31G*,wb97x-d3bj,0.15,3.5,49.99999999999997,7,36.0,symmetry,8.0,1.0264979737542734e-13,28.0,7.988955414357564,0.07914390732549344,336777,7.997432976248775,1.9668496683885393,0.7540648762884541,0.7473997075389472,0.12010018150474606,7,2,0.24020036300949213,0.12010018150474606,0.12010018150474606,0.6931471805599453,1.0,0.12010018150474606,0.12010018150474606,0.0,0.12010018150474606,2,0.027311546816188942,0.013655773408094471,0.013655773408094471,0.6931471805599453,1.0,0.013655773408094471,0.013655773408094471,0.0,0,0.0,0.0,0.0,0.0,0.0,0.0,0.0,0.0,14,2.783442378804552,0.7473997075389472,0.1988173127717537,2.2110985887767303,0.8378365122894397,0.7473997075389472,0.7473997075389472,0.11825080766385843,0.7473997075389472,2,0.07346647208452045,0.036733236042260226,0.036733236042260226,0.6931471805599453,1.0,0.036733236042260226,0.036733236042260226,0.0,0,0.0,0.0,0.0,0.0,0.0,0.0,0.0,0.0,4,2,0,2,2,0,2,2,0,3.5416207313537598,-0.04437422253680162,0.09034310131207854,-0.001351187212360325,0.0004995108384606271,3892,119.56461313936424,1,1,20.23,94.11299999999996,1.3921999999999999,2.081847667694092,17.715754508972168,0.04102457458204884,0.017947111947883086,,,1
aniline,Nc1ccccc1,substituted,14,7,112,-287.727925999543,-525.6339498876731,True,0.017704300192742314,0.0691246309785214,0.2690269695937646,False,13.540283203125,6-31G*,wb97x-d3bj,0.15,3.5,50.00000000000013,7,36.000000000000014,POAV,,,,8.011129098818586,,373491,8.010847929866065,1.8659472967916801,0.7670724356363013,0.47087487031742437,0.13838365610365608,7,2,0.26538764248141505,0.13838365610365608,0.13269382124070753,0.6922275760557756,0.9986732911422552,0.13838365610365608,0.12700398637775898,0.0,0.13838365610365608,2,0.025190933656535117,0.012760158677283164,0.012595466828267558,0.6930616939580682,0.9998766689034094,0.012760158677283164,0.012430774979251954,0.0,0,0.0,0.0,0.0,0.0,0.0,0.0,0.0,0.0,14,2.238619572080016,0.47087487031742437,0.15990139800571543,2.466024500013463,0.9344338496704725,0.47087487031742437,0.3747508589250169,0.13687269947200398,0.47087487031742437,2,0.06678469030589662,0.03407147765658431,0.03339234515294831,0.6929403497943184,0.9997016062801268,0.03407147765658431,0.032713212649312304,0.0,0,0.0,0.0,0.0,0.0,0.0,0.0,0.0,0.0,2,2,0,2,2,0,2,2,0,3.8139188289642334,-0.04918364127907246,0.06111555521878871,-0.0021894944506730242,0.0005293875609527693,4000,124.50477261368243,1,1,26.02,93.12899999999995,1.2688000000000001,2.188201665878296,19.56116032600403,0.03853378404233565,0.01705914690144776,3.5839873448084376e-09,6.623785807574925e-05,1
nitrobenzene,O=[N+]([O-])c1ccccc1,substituted,14,9,136,-436.8877686539017,-716.7490388419802,True,5.160644018720562e-06,9.472081557792836e-06,0.0,True,21.723739624023438,6-31G*,wb97x-d3bj,0.15,3.5,64.00000000000004,9,46.00000000000001,symmetry,9.999999999999998,9.712695201210136e-14,36.0,9.976924307162943,0.10628267600571599,358435,9.996161834359736,5.943429416500356,0.4054288520949062,0.6275780849698274,0.6275780849698274,9,8,3.085478863819378,0.6275780849698274,0.38568485797742225,1.9386225469845126,0.9322803782300294,0.6275780849698274,0.6275780849698274,0.5308532119122512,0.6275780849698274,2,0.026947887408904938,0.013473943704452469,0.013473943704452469,0.6931471805599453,1.0,0.013473943704452469,0.013473943704452469,0.0,0,0.0,0.0,0.0,0.0,0.0,0.0,0.0,0.0,18,4.130542922143056,0.6275780849698274,0.22947460678572534,2.5958492940570803,0.8981022205761309,0.6275780849698274,0.6275780849698274,0.5308532119122512,0.6275780849698274,2,0.07333811280911447,0.03666905640455723,0.03666905640455723,0.6931471805599453,1.0,0.03666905640455723,0.03666905640455723,0.0,0,0.0,0.0,0.0,0.0,0.0,0.0,0.0,0.0,8,2,0,8,2,0,8,2,0,3.9113948345184326,-0.05322023031562012,0.04051377635891176,0.005184949677060681,0.0005182918445128668,4000,135.5431517294704,1,1,43.14,123.11099999999996,1.5948,3.013610601425171,28.72696852684021,0.04074840455012002,0.017553291850015258,,,1
benzonitrile,N#Cc1ccccc1,substituted,13,8,122,-324.62550114227696,-555.1075421927568,True,5.92153929710138e-06,1.6038958475505467e-05,0.0,True,15.915266036987305,6-31G*,wb97x-d3bj,0.15,3.5,54.00000000000001,8,38.00000000000002,symmetry,8.000000000000002,5.989290434576898e-13,32.0,8.856465656149403,0.9423656237774641,360003,7.999589231987812,3.996180087409993,0.5004518392731292,0.28717178375923513,0.28717178375923513,8,6,0.956381268300244,0.28717178375923513,0.15939687805004066,1.6122418525908078,0.8998093105015994,0.28717178375923513,0.28717178375923513,0.13239830246299394,0.28717178375923513,2,0.02664962299383955,0.013324811496919775,0.013324811496919775,0.6931471805599453,1.0,0.013324811496919775,0.013324811496919775,0.0,0,0.0,0.0,0.0,0.0,0.0,0.0,0.0,0.0,16,1.981222088536532,0.28717178375923513,0.12382638053353325,2.660899826817268,0.9597167461128936,0.28717178375923513,0.28717178375923513,0.1337142015313582,0.28717178375923513,2,0.07221383693332792,0.03610691846666396,0.03610691846666396,0.6931471805599453,1.0,0.03610691846666396,0.03610691846666396,0.0,0,0.0,0.0,0.0,0.0,0.0,0.0,0.0,0.0,6,2,0,6,2,0,6,2,0,4.6642632484436035,-0.06456602879139339,0.03796077654992369,0.003553092850464003,0.0005973446422442107,4000,129.31458238225497,1,1,23.79,103.12399999999995,1.5582799999999999,2.684887647628784,23.33579134941101,0.04031169516661874,0.01752958819687456,,,1
corannulene,c1cc2ccc3ccc4ccc5ccc1c1c2c3c4c51,curved,30,20,300,-768.5121528945201,-1303.6969815945677,True,0.3628365186052971,0.4335005048459509,0.678474394303996,False,112.65310668945312,6-31G*,wb97x-d3bj,0.15,3.5,130.00000000000003,20,90.00000000000003,POAV,,,,21.17555076602281,,616455,21.175312843846243,12.45442645040107,0.4118421511765078,0.18701985133590993,0.18701985133590993,20,20,2.335771287034877,0.18701985133590993,0.11678856435174385,2.975001746146897,0.9930799799467727,0.18701985133590993,0.13800832909917016,0.13710422930586527,0.18701985133590993,31,0.39973782519763507,0.02979074466982395,0.012894768554762421,3.3183093927862304,0.9663138489427601,0.02979074466982395,0.023389702217900935,0.02278070047922308,0,0.0,0.0,0.0,0.0,0.0,0.0,0.0,0.0,40,4.583442035351522,0.18701985133590993,0.11458605088378807,3.676841554825949,0.9967367057021714,0.18701985133590993,0.13800832909917016,0.13710422930586527,0.18701985133590993,54,0.8749908780631848,0.02979074466982395,0.016203534778947867,3.8839568804387863,0.9736706978770826,0.02979074466982395,0.02858909146201243,0.02857409945667317,0,0.0,0.0,0.0,0.0,0.0,0.0,0.0,0.0,25,42,5,20,31,0,20,22,0,12.856464385986328,-0.024231654077752893,0.02603638048994609,-0.00165855022476976,0.0002612014577639167,4000,241.33601667541262,6,6,0.0,250.30000000000004,5.766000000000002,12.718353986740112,138.31883692741394,0.04600050397392429,0.04600050397392429,0.0033211106371465217,0.004042710943429962,6
