name,piIDT0_maxpers,piIDT0_n,piIDT1_entropy,nheavy,mw,piIDT2_n,esp_var,tpsa,piIDT1_n,piIDT2_totpers,Api_integral,esp_max,esp_axial_3.2,vdw_area,piIDT1_maxpers,piIDT1_totpers,esp_axial_2.6,A_pi_max,piIDT0_totpers,esp_min,Npi_grid,piIDT0_entropy,esp_axial_2.0,n_aromatic_rings,occlusion_ratio,eint_Na+,eint_Cl-,eint_benzene,eint_CH4
ethene,0.007838148169293605,2,0.0,2,28.053999999999995,0,0.00013544428525330543,0.0,0,0.0,0.1375030806435489,0.019912196958078665,-0.00864303100081898,61.79035227527777,0.0,0.0,-0.015039017378550401,0.007838148169293605,0.01567629633858721,-0.0261754313038694,1.9999616954333723,0.6931471805599453,-0.02743162240242647,0,0.9312471429040278,-16.161670223312324,3.9352704221080184,-0.6858969103997944,0.5001420149307528
butadiene,0.013691233679952867,4,0.0,4,54.09200000000001,0,0.00016691011545661675,0.0,0,0.0,0.45341958299898366,0.02169972023416869,-0.009558782645136432,96.72586789284543,0.0,0.0,-0.015319831006627815,0.013691233679952867,0.04083084115730997,-0.025251976887301325,3.9999170494037948,1.3268773625194465,-0.025890971696866494,0,0.8866427534874585,-19.77607592633555,2.73384229409731,-0.9922913091021291,0.06073373037751072
hexatriene,0.02021248259499434,6,0.0,6,80.12999999999995,0,0.00018217860382956053,0.0,0,0.0,0.824381080764769,0.028765428587785802,-0.009557007144792351,129.88726330707783,0.0,0.0,-0.015111312299793234,0.02021248259499434,0.06558943727377806,-0.024793713321608873,5.999882445773552,1.6249003222326919,-0.025358739863098556,0,0.8626004612231226,-21.63771591985121,1.4828005049657427,-1.6592486629123826,0.0025061544625814792
benzene,0.019566390234315025,2,0.6931471805599453,6,78.11399999999996,0,0.00024183151868486505,0.0,2,0.0,1.2982653429663238,0.021728618275085862,-0.014024851443659614,109.03701552002696,0.013532078532009132,0.027064157064018265,-0.020343122540769976,0.019566390234315025,0.03913278046863005,-0.029538013882630526,5.999887964926444,0.6931471805599453,-0.027734819786354947,1,0.7836184024509131,-26.936392826654323,4.199836313366192,-2.767437957798501,-1.4013042695257363
naphthalene,0.14807094367684845,4,1.38629436111989,10,128.17399999999995,0,0.00025657212480722743,0.0,4,0.0,3.473843141974082,0.024005676892586314,-0.014268607057486449,155.43042220006117,0.01237398793624451,0.04949595002162632,-0.01933513078057736,0.14807094367684845,0.5218950405101139,-0.026581147229633367,9.9998038953702,1.377171432288991,-0.024389926852816046,2,0.6526088733017621,-28.595320570911074,2.35095935676816,-3.273393847361663,-1.6142278363367435
azulene,0.15092175336997593,4,1.3803757819034954,10,128.17399999999995,0,0.0002938298531964104,0.0,4,0.0,3.449662649271451,0.02898864129412912,-0.012125614884757496,156.81008402981166,0.01440523472680716,0.051972033812166196,-0.01572710679215028,0.15092175336997593,0.543506329459712,-0.03485459279374137,9.999797458581977,1.3801515673349396,-0.018481241131526716,0,0.6550267479356896,-28.030328367611208,0.8050186856821032,-3.1473195247806927,-1.6942607042018558
biphenyl,0.16216003288028802,4,1.9378361800048667,12,154.21200000000007,0,0.0002191116306878173,0.0,7,0.0,3.938435188943039,0.02242783540318699,-0.013141784332185935,188.95121581386425,0.017208353225514186,0.09612094373827729,-0.018920606687194308,0.16216003288028802,0.5648889875972715,-0.027840874729948104,12.352653298701036,1.382310259760609,-0.025679173365034558,2,0.6811668640163979,-28.796538593429993,1.236246654525044,-3.2757576687079486,-1.7223474981955165
pyridine,0.2414814816237895,2,0.6931471805599453,6,79.10199999999998,0,0.0003936409506708098,12.89,2,0.0,1.93469948854011,0.03261275539926009,-0.008080208840102188,104.05108806729419,0.013409259960777846,0.026818519921555692,-0.0112202426520156,0.2414814816237895,0.482962963247579,-0.06335070635883201,5.999627890536963,0.6931471805599453,-0.013585924952234762,1,0.6775300862255715,-20.48093371042597,0.826318707786828,-3.151803284582339,-1.1795527266143215
pyrimidine,0.2692829218845968,4,0.6931471805599453,6,80.08999999999997,0,0.0005042993449662892,25.78,2,0.0,2.6003052482586706,0.03976576257130951,-0.0019226158740579535,97.96343548687405,0.013225436707633001,0.026450873415266002,-0.0017243345660356013,0.2692829218845968,1.020504913171008,-0.05452433252261746,5.999402719973674,1.3847540567885412,0.0012482236688740045,1,0.5665726457066245,-13.82047120659124,-2.687961586435121,-2.991795420356628,-0.9901876730087346
s-triazine,0.2782553963955153,6,0.6931471805599453,6,81.07799999999999,0,0.00045278184069866436,38.67,2,0.0,3.2951658678837976,0.03519576691369583,0.004586985368425722,92.7653876981709,0.013152063878897814,0.02630412775779563,0.008349239110944318,0.2782553963955153,1.558995882572809,-0.045046973872451546,5.999175580817932,1.7905116468036573,0.017079994102383367,1,0.4507302172618638,-6.898315390686648,-6.477135505649906,-3.7926202626249084,-0.8476159629908765
pyrrole,0.02209576545930307,2,0.6931471805599453,5,67.091,0,0.0006168736517187416,15.79,2,0.0,1.0706242129579684,0.07672093197227073,-0.017185021058025107,93.1526204086524,0.007825015074536966,0.015650030149073933,-0.025710446535557985,0.02209576545930307,0.04419153091860614,-0.043671694305425085,5.999467550850143,0.6931471805599453,-0.03663856260292775,1,0.8215467949641202,-28.29718960817752,6.036538712374038,-3.105965493805352,-1.4084732980848005
furan,0.6415827349280958,2,0.6931471805599453,5,68.07499999999999,0,0.00028179859328509877,13.14,2,0.0,2.2286811883010778,0.0315276042639495,-0.010891467085800244,88.59238001711812,0.009655270761554978,0.019310541523109955,-0.015923195834881554,0.6415827349280958,1.2831654698561916,-0.03202086299941659,5.997757581735693,0.6931471805599453,-0.0211442675950142,1,0.6284142601748637,-21.524215737624235,2.873181455705235,-2.41738854123902,-0.9344864953402965
thiophene,0.43898960516001356,4,2.008979045448709,5,84.14299999999997,2,0.00025128879120992723,0.0,8,0.02540332793354021,2.519466504866593,0.03204143724115699,-0.012632226997192575,98.11394919090753,0.019318016600519565,0.09366427152416273,-0.01794066591445631,0.43898960516001356,1.040732756552914,-0.026036456289969367,5.988894708292891,1.126771307089196,-0.022605097438768595,1,0.5793102688250874,-25.710675147311736,3.1227379999667186,-2.805191834865781,-1.2625356854992238
imidazole,0.2973786089249195,4,0.6931471805599453,5,68.07899999999998,0,0.0011237862547278613,28.68,2,0.0,1.8279699464874397,0.08733597564182646,-0.011185695853597188,87.69228104930106,0.007416467415587762,0.014832934831175523,-0.016186543157141742,0.2973786089249195,0.6050411356716023,-0.07494025947504965,5.999289053251392,0.779257120722642,-0.021166108382622895,1,0.6953022382715919,-21.941952187961217,2.8327074884177574,-3.1707509562973994,-1.1848412052875212
indole,0.15620300367529946,4,1.364842534835205,9,117.15099999999995,0,0.0005499477631352312,15.79,4,0.0,3.35616392245752,0.07889444051794331,-0.019158903584212794,140.34396020677187,0.012843554656196795,0.04258515645771631,-0.026355274672004825,0.15620300367529946,0.5454833742047271,-0.038316058455200724,9.99944546226649,1.375682093508197,-0.03442355482457771,2,0.6643649955267812,-32.19193837356711,5.549057032113402,-3.1671765358020325,-1.6912355356884923
quinoline,0.26779092713665936,6,1.3862185903240465,10,129.16199999999998,0,0.0003327991545557465,12.89,4,0.0,4.265997087710749,0.03231860147497015,-0.011160061246085817,150.02735407478477,0.012277013485467192,0.04851088170897658,-0.015100309826040714,0.26779092713665936,0.9641123224558096,-0.05952514527398457,9.999534119389617,1.687437135305085,-0.018683211253252452,2,0.5733804158496985,-25.61127602976004,0.5351340693479347,-3.4193239558495767,-1.5424315908886976
toluene,0.018644267677733542,2,0.6931093136928866,7,92.14099999999995,0,0.0002088915620135488,0.0,2,0.0,1.2229413025898712,0.020856996756302704,-0.01459476276805649,130.84205614635684,0.009575860742287445,0.018986492329307148,-0.021228906723589347,0.018644267677733542,0.037199667227599154,-0.03159051311848457,6.287176425126089,0.6931443270172815,-0.029179135251617083,1,0.8054864028147031,-28.31000901521387,3.9420287133510112,-3.2693713081383966,-1.5624832981932613
p-xylene,0.0186762465554706,2,0.693147180553608,8,106.16799999999994,0,0.00017951737921637347,0.0,2,0.0,1.1709098745303321,0.01937502095746274,-0.014338479575133789,151.41395882429967,0.009768649311129534,0.019537229066851403,-0.021198414060195958,0.0186762465554706,0.037339199366480884,-0.03217192781482034,6.5778868394848615,0.6931471171825097,-0.029705769089312994,1,0.8219930042727779,-29.017338651014086,3.0224542411346222,-3.7771894005665643,-1.7685326859106325
mesitylene,0.018639324030972584,2,0.6930996360750288,9,120.19499999999992,0,0.00015318807695171457,0.0,2,0.0,1.1130209164708915,0.017647917669174368,-0.014868425436741717,172.5493375605904,0.009722644521430426,0.019257503730696825,-0.02202085979953594,0.018639324030972584,0.03725557996727949,-0.03357711217314968,6.874841471729785,0.6931469888649278,-0.03104306341594487,1,0.8381023153700673,-30.299173559389914,2.7674594379640007,-4.161075105782781,-1.9331283727737365
hexamethylbenzene,0.014682249487585753,2,0.6931471805590594,12,162.27600000000015,0,0.0001336398678059959,0.0,2,0.0,0.9881371335273869,0.014049435405284721,-0.014734068078487539,218.36129827229817,0.007955248726612543,0.015910476274993073,-0.022571857794911665,0.014682249487585753,0.02845207980731244,-0.0361787061883673,7.722689200434508,0.6926328939341305,-0.03317335170421565,1,0.8720475331997317,-32.297825312391076,0.7542817180410578,-5.086629667399409,-2.464819670652494
fluorobenzene,1.2735032351937154,4,0.6931471805599453,7,96.10399999999996,0,0.00024054244095293836,0.0,2,0.0,3.849027013174871,0.02828078110595486,-0.009535014355453342,114.75044912337387,0.013727227004220412,0.027454454008440824,-0.013844335391684837,1.2735032351937154,2.779764911098166,-0.026158668921972716,7.992253471613049,0.9809408101548441,-0.01829946727504428,1,0.5184052874641831,-22.35314908797412,1.1117215443871338,-3.0367441676311664,-1.3259738050383476
hexafluorobenzene,1.5570734380813631,24,0.6931471805599453,12,186.05399999999997,0,0.00017564812214026674,0.0,2,0.0,17.959718884752416,0.03505181108288924,0.011171998179321463,145.40201988346809,0.04160984807182342,0.08321969614364684,0.015877453817367382,1.5570734380813631,18.810612129946843,-0.009371906665044505,17.959718884752416,2.774408312492345,0.024349033709036405,1,0.0,-1.9170016405034056,-13.634821297270301,-5.606042499997958,-1.2072370933795518
phenol,0.12010018150474606,2,0.6931471805599453,7,94.11299999999996,0,0.0004995108384606271,20.23,2,0.0,1.9668496683885393,0.09034310131207854,-0.013795170554970149,119.56461313936424,0.013655773408094471,0.027311546816188942,-0.01972858454160864,0.12010018150474606,0.24020036300949213,-0.04437422253680162,7.997432976248775,0.6931471805599453,-0.0264237312478528,1,0.7540648762884541,-26.5788000136218,3.474123977488836,-2.8230242605579012,-1.4419745621934303
aniline,0.13838365610365608,2,0.6930616939580682,7,93.12899999999995,0,0.0005293875609527693,26.02,2,0.0,1.8659472967916801,0.06111555521878871,-0.020980553234918098,124.50477261368243,0.012760158677283164,0.025190933656535117,-0.028287507901936237,0.13838365610365608,0.26538764248141505,-0.04918364127907246,8.010847929866065,0.6922275760557756,-0.03647143214771731,1,0.7670724356363013,-31.909114925530826,7.30751536339972,-3.3805840830059566,-1.5548458678187445
nitrobenzene,0.6275780849698274,8,0.6931471805599453,9,123.11099999999996,0,0.0005182918445128668,43.14,2,0.0,5.943429416500356,0.04051377635891176,-0.00020225570563781048,135.5431517294704,0.013473943704452469,0.026947887408904938,-0.0016971948043078555,0.6275780849698274,3.085478863819378,-0.05322023031562012,9.996161834359736,1.9386225469845126,-0.0028257723050764127,1,0.4054288520949062,-15.021161086929983,-5.372702558285881,-5.086771323204473,-1.3565192051465575
benzonitrile,0.28717178375923513,6,0.6931471805599453,8,103.12399999999995,0,0.0005973446422442107,23.79,2,0.0,3.996180087409993,0.03796077654992369,-0.0019708226574062238,129.31458238225497,0.013324811496919775,0.02664962299383955,-0.00411387725967316,0.28717178375923513,0.956381268300244,-0.06456602879139339,7.999589231987812,1.6122418525908078,-0.006066871699667686,1,0.5004518392731292,-17.10240121843178,-4.072242297585201,-4.395275736087353,-1.382019205957106
