feature,eint_Na+,eint_Na+_s,eint_Cl-,eint_Cl-_s,eint_benzene,eint_benzene_s,eint_CH4,eint_CH4_s
nheavy,-0.17,-0.39,-0.38,-0.41,-0.74,-0.73,-0.72,-0.74
vdw_area,-0.42,-0.56,-0.12,-0.24,-0.59,-0.59,-0.71,-0.82
mw,-0.07,-0.35,-0.47,-0.45,-0.78,-0.73,-0.68,-0.70
esp_min,-0.00,-0.03,-0.03,+0.16,+0.17,+0.36,+0.16,+0.12
esp_max,-0.08,+0.27,+0.20,-0.01,-0.01,-0.05,-0.08,+0.23
esp_var,+0.07,+0.11,+0.05,+0.06,-0.13,-0.08,-0.09,+0.07
esp_axial_2.6,+0.95,+0.92,-0.95,-0.78,-0.36,-0.04,+0.28,+0.66
Npi_grid,+0.15,-0.34,-0.56,-0.27,-0.67,-0.60,-0.47,-0.65
Api_integral,+0.58,+0.25,-0.79,-0.56,-0.59,-0.46,-0.12,-0.12
occlusion_ratio,-0.68,-0.48,+0.84,+0.60,+0.59,+0.37,+0.12,-0.15
A_pi_max,+0.57,+0.47,-0.64,-0.48,-0.39,-0.22,-0.00,+0.27
piIDT0_n,+0.69,+0.53,-0.83,-0.70,-0.48,-0.30,+0.08,+0.28
piIDT0_totpers,+0.64,+0.53,-0.76,-0.56,-0.49,-0.22,+0.01,+0.31
piIDT1_n,-0.32,-0.41,+0.06,-0.04,-0.21,-0.27,-0.48,-0.56
piIDT1_totpers,+0.03,-0.07,-0.31,-0.27,-0.36,-0.25,-0.38,-0.33
piIDT1_maxpers,+0.37,+0.11,-0.63,-0.32,-0.65,-0.23,-0.38,-0.18
piIDT0_entropy,+0.65,+0.61,-0.82,-0.70,-0.38,-0.17,+0.14,+0.34
piIDT1_entropy,-0.35,-0.06,+0.05,-0.21,-0.28,-0.12,-0.58,-0.24
